"1","Novinky a muzika, co teď letí"
"2","Žádné ohrané hitovky"
"3","Hudba na párty"
"4","Na pohodu a relax"
"5","Pořádná dávka energie"
"6","Česká a slovenská scéna"
"7","Vzpomínky na osmdesátý léta"
"8","Vypalovačky z kazeťáku"
"9","Mandrage a jejich nejoblíbenější klipy"
"19","The Prostitutes a jejich oblíbené klipy"
"20","Nalaďte se na Hip Hop Kemp 2012"
"21","Koho jste slyšeli na Benátské noci 2012?"
"22","Slyšeli jste na Colours of Ostrava 2012"
"23","Sunshine a jejich oblíbené klipy"
"26","Co sjíždí Ben Cristovao?"
"27","Pitbull a jeho hity"
"29","Čecháček Xindl X"
"30","PSH namixovali své oblíbené klipy"
"31","Jitka Čvančarová a její oblíbené klipy"
"32","Rozjeďte to se Street Dance Kempem 2012"
"33","Springsteen boduje"
"34","Dave Grohl a jeho kapely"
"35","Eddie Stoilow a jejich oblíbené klipy"
"36","Coldplay se vrátili do Prahy"
"37","A Banquet a jejich oblíbené klipy"
"38","Mardoša a jeho oblíbené klipy"
"39","Pecky z festivalů a koncertů 2012"
"40","Klipy P!nk patří mezi ty nejlepší"
"41","Kryštof a jejich oblíbené klipy"
"42","Hvězdy, které u nás budou koncertovat"
"43","Keane poprvé v ČR"
"44","prošlé hity"
"45","Hitovky Jennifer Lopez"
"46","Užijte si vánoční atmosféru"
"47","Hity Michaela Jacksona"
"49","Jan P. Muchow a jeho oblíbené klipy"
"50","One Direction a jejich oblíbení interpreti"
"51","Alvik a jejich oblíbené klipy"
"52","Oblíbené klipy Andrey Kerestešové"
"53","Koncerty roku 2013"
"54","Nejlepší #1 singly roku 2012"
"56","Grammy 2013"
"57","TOP 50 na Mixéru za rok 2012"
"58","BRIT Awards 2013"
"59","Bandzone.cz pro vás namíchal 2013"
"60","Mix od vítěze ceny Apollo Borise Carloffa"
"61","Ceny Anděl 2012"
"62","Hudební svět přišel o legendu - zemřel David Bowie"
"63","Oblíbené klipy zpěvačky Debbi"
"64","Hurts a jejich oblíbené klipy"
"65","Bohatá diskografie Depeche Mode"
"66","Skyline a jejich oblíbené klipy"
"67","Na vlně Maratonu Praha"
"69","Mix od Tata Bojs."
"70"," Bastille živě v londýnském klubu Koko"
"71","Daft Punk jsou v plné parádě zpět"
"72","Alicia Keys a její hity."
"73","Monkey Business a jejich oblíbené klipy"
"74","Universal Showcase"
"75","Na Slovensku mají Pohodu"
"76","Rock for People 2013"
"77","Koncerty k 30 letům Lucie jsou tu."
"78","Jon Bon Jovi má dnes narozeniny."
"79","Co poslouchá Klára Vytisková?"
"80","Street Dance Kemp 2013"
"81","Hvězdy festivalu Colours of Ostrava"
"82","Užijte si Benátskou noc"
"83","To nejlepší z letních festivalů 2013"
"85","Hip Hop Kemp 2013"
"86","Open Air 2013 je tu!"
"87","Iron Maiden jsou v Praze."
"88","Takhle se dělají festivaly - Sziget 2013"
"89","Po festivalech přichází koncerty"
"90","Co teď sjíždí Mandrage?"
"91","Samosebou.cz přináší recyklované hity"
"92","Oblíbené klipy Richarda Müllera"
"93","Beyoncé má na kontě spoustu hitů"
"94","Koncert Placebo se blíží"
"95","Elton John byl v Praze"
"96","Vzpomínáme na Freddieho"
"97","Chinaski a jejich oblíbené klipy"
"98","Thom Yorke slaví narozeniny"
"99","Portless a jejich výběr klipů"
"100","Slavičí playlist"
"101","Těšíme se na novou desku Justina Timberlaka!"
"102","Oblíbené klipy Adama Mišíka"
"103","NightWork představují své oblíbené klipy"
"105","Výběr klipů od Imodium"
"106","Nekonečná videografie Celine Dion"
"107","Klipy Avril Lavigne pěkně pohromadě"
"108","#1 singly roku 2013"
"109","TOP 50 na Mixéru za rok 2013"
"110","Rekapitulace koncertů 2013"
"111","Tipy na koncerty 2014"
"112","Britney Spears má narozeniny"
"113","Nominace na Grammy 2014"
"114","BRIT Awards 2014"
"115","Ten nejlepší playlist - apríl!! ;)"
"116","Rihanna a její klipy!"
"117","Justin Bieber a jeho hity"
"118","James Arthur"
"120","Vypsaná fiXa slaví 20 let"
"121","Bandzone 2014"
"122","100°C představují své oblíbené klipy"
"123","Ceny Anděl 2013"
"124","Pharrell Williams a jeho hity"
"125","Robbie Williams vystoupil v Praze"
"126","Manic Street Preachers opět v Praze"
"127","Xindl X pro vás namixoval..."
"128","Michal Hrůza a jeho oblíbené klipy"
"130","Lipo představuje své oblíbené klipy"
"131","Zamilované klipy"
"132","Klipy Dava Gahana"
"133","Klipy U2 hezky pohromadě"
"134","Oblíbené klipy Oriona"
"135","Hity Kylie Minogue"
"136","Top zahraniční kapely léta 2014"
"137","RFP 2014"
"138","HHK 2014"
"139","Benátská noc 2014"
"140","SDK 2014"
"141","Pohoda 2014"
"142","Colours of Ostrava 2014"
"143","Takhle se dělají festivaly - Sziget 2014"
"144","Judas Priest se vrací do ČR"
"145","Pet Shop Boys opět v ČR"
"146","Pelmel česko-slovenských hitů"
"147","David Koller a jeho top klipy"
"148","Highjump 2014"
"149","Oblíbené klipy Ewy Farné"
"150","Ozzy Osbourne"
"151","Hity podle Tic Tac"
"152","Lady Gaga a její barevný svět"
"153","To nej od Anastacie"
"154","Baromantika vybírá své oblíbené klipy"
"155","Oblíbené klipy kapely Mig 21"
"156","Nej hity od Eminema"
"157","Katy Perry a její barevné klipy"
"158","Hity OneRepublic"
"159","Calvin Harris vydává novou desku"
"160","Klipy ve stylu Movemberu"
"162","TOP 50 na Mixéru za rok 2014"
"163","#1 singly roku 2014"
"164","Rekapitulace zahraničních koncertů 2014"
"165","Tipy na koncerty 2015"
"166","Grammy 2015"
"167","AC/DC vydávají po letech novinku"
"168","Björk slaví kulaté narozeniny!"
"169","Lenny Kravitz a jeho největší hity"
"170","Oblíbené klipy kapely Wohnout"
"171","BRIT Awards 2015"
"172","Sting a Paul Simon jeli společné turné"
"173","Voxel a jeho oblíbené klipy"
"174","Damon Albarn a jeho klipy"
"175","Ceny Anděl 2014"
"176","One Direction vs. Union J"
"177","Bandzone.cz 2015"
"178","Majálesy nabízí přehlídku domácí scény"
"179","Lily Allen"
"180","Roxette opět v ČR"
"181","Hity německých Scorpions pěkně pohromadě"
"182","Billy Joel a jeho hity"
"183","Billy Joel oslavil 66. narozeniny"
"185","Radůza představuje své oblíbené klipy"
"186","Rock for People Hradec"
"187","Rock for People Europe"
"188","Prázdniny skončily. Co bylo nej?"
"189","Colours of Ostrava"
"190","Benátská noc 2015"
"191","Grape festival 2015"
"192","Sziget 2015"
"193","Pohoda 2015"
"194","Nalaďte se na High Jump 2015"
"195","Ohnivá třicítka"
"196","Nalaďte se na HHK 2015"
"197","Nalaďte se na Street Dance Kemp"
"198","SDK 2015"
"199","Ballantine’s Brasil party #BrasilShake"
"200","Festival v režii Vypsané Fixy"
"201","Rock for Churchill 2015"
"202","Je tu podzim a s ním spoustu koncertů"
"203","Lollapalooza poprvé v Evropě"
"204","David Guetta slaví narozeniny"
"205","Klipy Taylor Swift hezky pohromadě"
"206","Něco pro dámy - Ramazzotti míří do ČR"
"207","Miro Žbirka vybírá své oblíbené klipy"
"208","Hity z reklam"
"209","Tony Bennett a jeho videografie"
"210","Mercury Prize 2015"
"211","Frida z ABBY slaví kulaté narozeniny"
"212","Dnes by M. Hutchence z INXS slavil narozeniny."
"214","Justin Bieber a 1D vydávají nové desky"
"215","Top bubeník Travis Barker má narozeniny"
"216","Miley Cyrus má dnes narozeniny"
"217","Ellie Goulding je v Praze."
"218","John Legend má dnes narozeniny"
"219","Olga Lounová a její oblíbené klipy"
"220","Koncerty roku 2016"
"221","Jsou to čtyři roky, co nás opustila Whitney Houston."
"222","#1 singly roku 2015"
"223","klipy bez videí"
"224","Urban music."
"225","TOP 50 na Mixéru za rok 2015"
"226","Grammy 2016"
"227","Shakira má dnes narozeniny!"
"228","Klipy vybírá Bára Poláková"
"229","BRIT Awards 2016"
"230","Klipy vybrala Lenny z Vyrobeno v Česku"
"231","Dnes se předávají Grammy"
"232","expired"
"233","Hurts a jejich klipy"
"234","Písničky, které znáte z filmů"
"235","Ceny Anděl 2015"
"236","Ronan Keating z Boyzone dnes slaví narozeniny!"
"237","Shakin' Stevens v 80.letech bodoval."
"238","w_epk+bts"
"239","Wohnout slaví dvacet let!"
"240","Slza se chystá na turné k debutu Katarze."
"241","Adrian T. Bell vydává novou desku."
"243","Adrian T. Bell a jeho oblíbené klipy."
"244","xx_fronta"
"245","Videografie The Cure"
"246","Klipy Tata Bojs hezky pohromadě."
"247","Klipy pro zaběhnutí maratonu od Jirky Zemánka"
"248","Legendární AC/DC se 22.5. vrátí do ČR"
"249","Zítra hrají Mumford & Sons v Praze"
"251","Co poslouchá Michael Foret?"
"252","AC/DC opět v ČR"
"253","Klipy pro zaběhnutí půlmaratonu od Lukáše Mensatora"
"254","Klipy pro českobudějovický půlmaraton dle Jakuba Smrže."
"255","Klipy pro zaběhnutí půlmaratonu od Leoše Mareše. "
"256","Mika a Hooverphonic jsou v Praze."
"257","Korn, Bring Me The Horizon a další přijedou do ČR"
"258","Monkey Business dnes slaví narozky!"
"259","Rock for People 2016 je tu!"
"260","Zahraniční hvězdy letošního Colours of Ostrava"
"261","Nalaďte se na Beats for Love!"
"262","Nalaďte se na HHK 2016!"
"263","Benátská noc 2016!"
"264","Nalaďte se na Street Dance Kemp 2016!"
"265","High Jump 2016!"
"266","Sziget 2016"
"267","Soundtrack Poděbrady – festival filmové hudby"
"268","Ekompilace 2016 v klipové podobě."
"269","Top 100 Mixéru!"
